id,"engname","korname","est","location","location_detail","phone","homepage","description","logo_image","brand_image"
1,"THE BOOTH BREWING","더부스 브루잉","2013.05","경기도 성남","경기도 성남시 분당구 판교동 616","02-1544-4723","https://thebooth.co.kr","더 부스 “한국 맥주가 북한 대동강맥주보다 맛이 없다”는 과감한 헤드라인으로 화제를 일으킨 전 <이코노미스트> 서울 특파원 대니얼 튜더Daniel Tudor와 한의사 김희윤, 투자회사를 다니던 양성후가 의기투합해 2013년 5월, 경리단길에 퍼브 ‘더 부스’를 열었다. 오픈 2년 만에 이들은 방배동과 삼성동 등 8개 지점으로 빠르게 확장하며 수제 맥주계의 거물로 떠올랐다. “맛있는 맥주를 마시고 싶다는 생각에 양조장도 없이 뛰어들었죠. 브루 마스터에게 어떤 맛과 향이었으면 좋겠다는 설명을 하고 레서피를 받아 국내의 한 양조장에 위탁해 만들었어요. 그의 이름을 딴 ‘빌스 페일 에일Bill’s Pale Ale’이 우리의 첫 맥주였습니다.” 더 부스는 올해 4월 판교에 그들의 이름을 건 브루어리를 오픈했다. 복잡한 공정도 마음껏 실험할 수 있고, 품질을 일관되게 유지하는 것도 수월해졌다.","brewery/1/logo_image.png","brewery/1/brand_image.png"
2,"KOREA CRAFT BRERWERY","코리아 크래프트 브루어리","2014.07","충청도 음성","충청북도 음성군 원남면 원남산단로 97, 369-861","043-927-2600","http://www.koreacraftbrewery.com/ ","코리아 크래프트 브류어리 2014년 주세법 개정 이후 한국에 최초로 세워진 크래프트 브루어리인 ‘코리아 크래프트 브류어리’. 작년 7월 완공해 그해 10월부터 본격적으로 생산을 시작했다. 충북 음성의 농촌 마을에 붉은 벽돌의 세련된 건축물이 서 있다. ‘히타치노 네스트 비어’를 생산하는 키우치 브루어리Kiuchi Brewery와 기술적 파트너십을 맺어 시설을 갖춘 내부에는 맥아 보관실과 제분실, 2개의 숙성실, 오픈 키친인 탭 룸이 있다. 코리아 크래프트 브류어리에는 여타 브루어리에서는 보지 못한 독특한 공간인 실험실과 브루 마스터 거주 시설이 눈에 띈다. ","brewery/2/logo_image.png","brewery/2/brand_image.png"
3,"THE HAND AND MALT","더 핸드 앤 몰트","2014.4","경기도 남양주","경기도 남양주시 화도읍 폭포로 361-1","031-593-6258","http://thehandandmalt.com/","마이크로소프트사의 한국 컨슈머 사업본부 총괄 이사를 역임하며 승승장구하던 도정한 대표는 작년 4월, 경기도 남양주에 ‘더 핸드 앤 몰트 브루잉 컴퍼니’를 설립했다. “1997년 홈 브루어링에 매료돼 맥주에 입문했습니다. 인터넷이 지금처럼 활성화되지 않은 때라 매뉴얼이나 원료를 구하는 것 자체가 불가능했죠. 미국에서 맥아와 홉, 효모를 가져와 무작정 만들기 시작했습니다. 20년 동안 맥주에 빠져 지내다 보니 이제 내가 좋아하는 맥주를 만들 수 있겠다 싶어 사표를 냈습니다.” 브루어링의 기본인 페일 에일을 연습하던 그는 이제 5종류의 오리지널 탭(자신만의 레서피로 만든 맥주)을 선보이고 있다. 
진한 홉 향을 기대하고 들어선 남양주 공장. 무취의 말끔한 내부가 마치 병원 실험실 같다. 대형 탱크와 배관을 정갈하게 설계한 곳. 양조학 학위와 기계공학 학위를 가진 20년 경력의 양조 설비 전문가 필립 켈름Phillip Kelm이 설비 컨설턴트로 나서 공장 설립을 책임지면서 유럽과 미국 유명 양조장에서 빚는 것과 같은 수준 높은 맥주를 구현할 수 있게 됐다. 이들의 키워드는 품질과 일관성. 어디에서 어떻게 즐기든 최고 품질의 맥주를 맛볼 수 있게 하는 것이 더 핸드 앤 몰트 브루잉 컴퍼니의 궁극적인 목표다. 재료 공수에 유난히 공을 들이는 이유가 여기에 있다. 일관성 있는 원료 수급을 위해 대량 수입하는데 이때 창고 안에 50여 톤의 맥아가 가득 차고, 이는 10만 리터의 맥주로 다시 태어난다. 재료에 대한 욕심으로 직접 홉 농사도 시작했다. ","brewery/3/logo_image.png","brewery/3/brand_image.png"
4,"MAGPIE","맥파이 브루잉","2012","제주도","제주시 해천동 1309","02-749-2849","http://www.magpiebrewing.com/","Magpie Brewing Company는 맛있고 특별한 맥주를 만들자 라는 단순하고 명확한 목표를 가지고 2012년 설립된 회사로, 풍부한 맛을 갖고 있으면서도 쉽게 마시기 좋은 Magpie Pale(페일에일)과 Magpie Porter(포터)를 필두로 독창적인 재료의 사용과 함께 새로운 스타일을 추구하면서도 균형 잡힌 다양한 종류의 맥주를 양조해왔다. 2016년 Magpie의 철학과 미학을 반영하여 건축된 Magpie 양조장은 제주 북동쪽에 위치하고 있다. 오랫동안 비어있었던 감귤 창고, 포장 공장이 모던한 양조장으로 재탄생 되었고, 깨끗한 공기, 물, 아름다운 자연환경에 둘러싸인 제주도는 완벽한 터전이 되어 양조장과 Magpie의 맥주에도 긍정적인 에너지를 불어넣게 되었다. Magpie가 처음 대중에게 알려지기 시작했던 직영점 유명세로 많은 사람들이 Magpie를 기억하고 있을지 몰라도, Magpie의 가장 큰 성공 요인은 바로 지금껏 양조해온 맥주이다. Magpie의 목표는 소비자들이 양질의 맥주를 마시기 위해 멀리 이동하지 않아도 되게끔, 전국에 Magpie 맥주를 공급하는 것이다. Magpie가 현재 공급하고 있는 맥주는 크게 핵심맥주와 계절맥주 이 두 그룹으로 나뉜다. 핵심맥주 라인업은 1년 내내 제공되며, 고급 레스토랑이든 골목길 사이의 선술집이든 어디에서 마셔도 어울린다. 계절맥주는 한정적으로 양조되며 계절적으로 한정된 특별한 재료들을 사용하고 있다.","brewery/4/logo_image.png","brewery/4/brand_image.png"
5,"GALMEGI BREWING","갈매기 브루잉","2014","부산시 수영구","부산광역시 수영구 광남로 58","070-7677-9658 ","http://www.galmegibrewing.com","Galmegi Brewing Co.는 부산 최초로 미국 스타일의 맥주 양조장을 보유한 브루 펍이다. 갈매기 멤버들은 수제맥주를 사랑하는 홈브루어들로, 오너인 스테판 터코트 또한 독특하고 다양한 레서피 개발에 열정적이다. 뉴욕 출신의 셰프가 선보이는 음식이 주문 즉시 수제로 만들어진다. 부산을 대표하는 펍 중 하나.","brewery/5/logo_image.png","brewery/5/brand_image.png"
6,"KABREW","카브루","2000","강원도 횡성군","경기도 가평군 청평면 수리재길 17 ","02-3143-4082","http://kabrew.co.kr/","카브루는 대한민국 최고의 수제맥주 회사를 지향하며 동시에 창조적인 마음가짐을 지향한다. 국내 소규모 맥주제조면허를 보유한 업체 중 카브루는 이미 질적, 양적인 측면에서 업계 1위의 위치를 점하고 있지만, 그들은 현재의 수준에 만족하지 않는다. 젊은 도전정신과 창의적인 아이디어로 새롭고 맛있는 맥주들을 끊임없이 만들어내는 회사, 최고의 환경에서 안정적인 품질의 제품을 공급하여 언제 어디서나 같은 맥주 맛을 유지하는 회사, 국내 수제맥주 산업의 발전에 기여하는 것은 물론 세계 시장에서 한국 수제맥주의 대표로 인정받는 회사가 카브루가 생각하는 ‘한국 최고 수제맥주 회사’의진짜 모습이며, 카브루는 이러한 꿈을 성취하기 위해 부단히 노력하고 있다. 이러한 꿈을 이루기 위한 구체적인 전략으로서 카브루는 개척자 정신과 고객 제일주의를 핵심가치로 삼는다. 카브루는 최초라는 수식어가 많이 붙는 회사이다. 최초로 국내에 Pale Ale을 생산 및 공급, 3PL을 통한 100% 냉장 배송 실시, 수제맥주 업계 최초 HACCP 환경 구축, 홍콩 및 미국으로 수출 등, 카브루가 지나온 길이 한국 수제맥주 회사의 길이라 해도 과언이 아니다. 카브루는 그들의 비전인 “Korea No.1 Craft Beer Company”를 달성하기 위해 Creative Craft Beer Company라는 슬로건을 바탕으로 끊임 없이 변화하고 발전하고자 노력한다. 지난 15년간 국내 유수의 펍들과 레시피 공동 개발, 생산 및 판매를 하면서 축적한 contract brewing 노하우를 기초로, '카브루 만의 맥주’를 원하는 고객들의 니즈를 100% 충족시키는 한편, 1세대 브루어리로서 직접 경험하며 쌓은 수제맥주시장에 대한 인사이트를 통해 지속적인 시장의 동향이나 운영방안에 대한 Consulting을 제공하여 수제 맥주가 대한민국에 잘 뿌리내릴 수 있도록 최선을 다한다.","brewery/6/logo_image.png","brewery/6/brand_image.png"
7,"CRAFTBROS","크래프트브로스","2014","서울시 서초구","서울시 서초구 반포동 106-7","050-7146-31003","http://craftbros.modoo.at","크래프트맥주가 막 태동하기 시작한 2014년에 크래프트 맥주의 불모지인 서래마을에서 시작한 크래프트브로스. 5종의 연중 생산 맥주를 기본으로 하여 다양한 크래프트맥주를 판매하는 탭하우스와 180여종의 수입맥주를 판매하는 바틀샵이 한 매장 안에 구성되어 있어, 편리하면서 다양한 크래프트 맥주를 즐길 수 있는 곳이다.","brewery/7/logo_image.png","brewery/7/brand_image.png"
8,"WILD WAVES BREWING","와일드 웨이브","2015.4","부산시 수영구","부산광역시 수영구 광남로 78 1층","010-6833-8254","https://www.facebook.com/wildwavesbrewing/","Wild Waves Brewng은 한국의 맥주양조장이다. 이들의 맥주는 Saccharomyces 맥주효모를 사용하여 발효하기도 하겠지만 Brettanomyces와 Lactic acid bacteria 그리고 그 밖의 야생미생물들을 발효과정에 접목하여 양조하는 것을 주력으로 한다. 또한 주변에서 만날수 있는 과채류들을 활용하여 풍미의 깊이를 더하는 과정을 좋아한다. 또한 동서를 막론한 전통적인 술 숙성방법(오크통 숙성, 옹기숙성 등)을 접목하여 인스턴트식처럼 마셔오던 맥주들과는 차원이 다른 느낌을 맥주에 담으려 한다.","brewery/8/logo_image.png","brewery/8/brand_image.png"
9,"7 BRAU","세븐 브로이","2011.10","강원도 횡성","강원도 횡성군 공근면 초원리 109-15","02-2659-1950","http://www.sevenbrau.com","세븐브로이맥주는 1933년 우리나라 최초의 맥주회사 조선맥주가 설립된 이래 77년 만에 탄생한 순수국내자본 맥주기업이다. 하이트, OB에 이은 3번째 맥주인 셈이다. 세븐브로이맥주의 탄생은 2002년으로 거슬러 올라간다. 맥주를 가게에서 제조하고 판매할 수 있는 이른바 하우스맥주법이 통과된 것이 그 시초였다. 물론 관련 법안에 따른 소규모 양조를 통해 맥주를 외부에 유통 할 수는 없었지만 새로운 시장에 매력을 느낀 김강삼 대표는 법에 따라 서울역사와 발산역에 맥주 전문점을 열고소규모 하우스 양조장을 운영하기 시작했다. 크래프트 맥주 혹은 수제 맥주라는 단어조차 듣기 어렵던 시절 김 대표는 개성 있는 맛을 지닌 맥주로 맥주전문점을 성공적으로 운영할 수 있었다. 그런 김 대표를 창업의 길로 들어서게 한 것은 2010년에 들려온 한 가지 소식이었다. 주세법이 바뀌어 중소규모 양조장에서 생산된 맥주 역시 면허를 받고 외부로 유통이 가능하게 된 것이다.","brewery/9/logo_image.png","brewery/9/brand_image.png"
10,"AMAZING BREWING CO.","어메이징 브루잉 컴퍼니","2015.4","서울시 성동구","서울시 성수동 성수1가 27-12","02-465-5208","http://www.amazingbrewing.co.kr ","국내에 소수만 존재하는 국제공인 맥주전문가(Certified Cicerone)인 김태경 대표는 수많은 맥주 대회에서 맥주 심사를 하고 있었다. 그런데 그가 심사하는 대회에서 연이어 우승을 하며 돌풍을 일으킨 주역이 있었으니 그가 바로 스티븐 (Steven Park) 브루마스터이다. 2015년에 처음 만나서 의기투합한 두 사람은 김태경 대표의 집 차고에 Brew 101 이라는 연구소를 차리고 맥주 연구에 돌입한다. 두 사람은 30여개 맥주 레시피를 개발하고, 국내 홈브루잉에서는 최초로 250리터 홈브루잉도 성공한 끝에 브루어리를 설립하기로 했다. ‘성수(성스러운 물, Holy Water)’라는 이름과 가죽공예 장인, 패션 디자이너, 사회적 기업이 모여 있는 분위기에 반해서 4개월간 성동구 성수동의 구석구석을 헤매다가 두 사람은 1959년에 지어진 목조 지붕의 건물을 발견하고 이곳에 ‘어메이징 브루잉 컴퍼니’를 설립하였다. 50개 이상의 해외 브루어리를 여행하면서 ‘비어 투어리스트’라는 책과 블로그까지 운영하는 김태경 대표가 인테리어와 마케팅을 맡고, 국내 최고의 브루마스터로 폭넓은 팬층을 형성하고 있으며 엔지니어링 역량까지 갖춘 스티븐이 모든 양조 장비의 디자인과 설계까지 해내면서 2016년 봄, 어메이징 브루어리는 문을 열었다. 게다가 국내 최초 미슐랭 스타 레스토랑인 정식당과 뉴욕의 최고 요리학교인 CIA(Culinary Institute of America)출신의 요리사 등도 합류하여 최고의 맥주와 어울리는 최고의 음식까지 갖추게 되었다.","brewery/10/logo_image.png","brewery/10/brand_image.png"
11,"BUDNAMU BREWERY","버드나무 브루어리","2015.9","강원도 강릉시","강원도 강릉시 경강로 1961","033-920-9380","http://budnamu.kr/","버드나무 브루어리는 2015년 9월 강릉에 문을 연 맥주 양조장이다. 강릉의 지역색을 담고, 한국적 재료를 이용해 맥주를 만든다. 브루어리와 펍이 공존하는 공간에서는 그들의 맥주를 판매하는 것은 물론이고, 최고의 커피, 음료, 음식을 제공하기 위해 힘쓴다. 더불어 꾸준히 전시, 공연, 마켓 등을 기획하여 복합적인 문화 공간을 지향한다.","brewery/11/logo_image.png","brewery/11/brand_image.png"
12,"PLATINUM","플래티넘","2002","서울시 성동구","서울시 성동구 성수 2가 3동 315-1 삼연빌딩 5층 507호","02-466-6004","http://www.platinumbeer.com/","2002년 주세법 개정과 함게 문을 연 플래티넘 마이크로 브루어리는 7가지 맥주를 생산하는 유일의 마이크로 브루어리로 국내에서 최초로 페일 에일을 생산, 현재까지 많은 사람을 받고 있는 브루어리다. 2014년 대만 타
이페이에서 열린 2014 아시아 비어 컵에서 다크 에일 부문 플래티넘 맥주 오트밀스타우트가 금상을 수상했으며, 지난해 세계 5대 맥주 대회 중 하나인 호주 인터내셔널 비어 어워즈에서 5관왕을 차지하며 신인 최고
브루어리에게 주어지는 GARY SHEPHERD AWAED FOR BEST NEW EXHIBITOR을 수상했다.","brewery/12/logo_image.png","brewery/12/brand_image.png"
13,"BREWONE","브루원","2015","경기도 고양시","경기도 고양시 덕양구 관산동 574-13","031-967-7138","https://www.facebook.com/BrewOneBrewery","국내브루어리와 수입 크래프트생맥주 전문점. 자체 수제맥주인 밍글, 아이홉소, 다윗등을 마실 수 있으며 조용하고 아늑한 공간에서 잘 관리된 시원한 생맥주들을 즐길 수 있는 장소이다.","brewery/13/logo_image.png","brewery/13/brand_image.png"
14,"LEVEE MICRO BREWERY","레비 마이크로 브루어리","2013","경기도 수원시","경기도 수원시 영통구 망포동 570-5 뉴엘지프라자 2F","031-202-9915","https://www.facebook.com/leveebrewery","레비는 2002년 부산에서 ‘도지마 하우스’ 를 시작으로 하여 ‘바로니 하우스’ 를 거쳐 현재의 ‘레비 브루잉 컴퍼니’ 가 되었다. 국내 수제 맥주 시장의 1세대 기업으로서 이들은 대중의 입맛에 맞는 맥주를 개발하기 위해 끊임없이 노력해왔다. 또한 레비 브루잉 컴퍼니만의 트렌디한 감각과 혁신적인 시도를 통해 ALT BEER, KOLSCH, SORACHI ACE 등을 선보이며 다른 크래프트 브루어리에서는 볼 수 없었던 차별화 된 맥주를 만드는데도 노력을 기울이고 있다. ","brewery/14/logo_image.png","brewery/14/brand_image.png"
15,"PLAYGROUND","플레이그라운드","2015.2","경기도 고양시","경기도 고양시 일산서구 이산포길 246-11","031 912 2461","http://www.playgroundbrewery.com","플레이그라운드 브루어리 창업자 3명은 모두 30대로써 가족들 그리고 사람들과 함께 즐기는 삶을 추구한다. 그리하여 항상 즐거웠던 기억만 있는‘놀이터’를 회사의 명칭으로 하였고 놀이 기구 중 가장 좋아하였던 미끄럼틀을 회사의 로고로 형상화 하였다.플레이그라운드라는 이름은 삶에 지친 성인들에게도 놀이터와 같은 즐거움을 느낄 수 있는 공간과 경험을 제공하고자 하는 희망도 담고 있다.플레이그라운드 브루어리의 만트라(철학)는 Don’t Pause, Just Play다. 과도한 회사 업무와 바쁜 일상으로 현재를 즐기기 힘들지만 즐길 권리가 있는 현재 대한민국의 전형적인 30~40대를 위한 문구다.가끔은 일과 가족을 구분하고 지금 이 순간을 즐기라는 의미를 담고 있다. 플레이그라운드 브루어리는 다양한 사람들이 즐길 수 있는 놀이터와 같은 공간을 만들고 싶기에 우리나라의 가장 대표적인 놀이인 하회별신 굿탈놀이의 여러 캐릭터들을 브랜드로 정했다. 그들의 맥주 스타일과 스토리에 맞는 8개의 탈을 골라 제품의 브랜드로 활용하고 있다. 하회별신 굿탈놀이는 평민들이 탈을 통해 자신을 감추고 자신들의 억눌린 감정과 불만을 해소하는 우리 선조들의 대표적인 놀이였으며 양반들은 평민들의 이러한 비판과 풍자를 통하여 그들의 삶을 이해할 수 있었다. 즉, 놀이를 통해 계층간의 커뮤니케이션 과 스트레스 해소 역할을 하게 된 것이다. 플레이그라운드 브루어리 역시 이러한 의미에 공감하고 하회탈을 제품 브랜드화 하였다.","brewery/15/logo_image.png","brewery/15/brand_image.png"
16,"WHASOO BREWERY","화수 브루어리","2003","경상도 울산","경상남도 울산시 남구 신복로22번길 28 지하1층","052-247-8778 ","http://whasoo.itrocks.kr","\"이우재와 이규찬은 맥주를 만든다. 맥주는 우리에게 놀이의 수단이다. 작업과 노는 것을 분리하지 않으며 맥주를 소재로 다양한 아웃풋을 만들어 사람들과 소통한다. 우리는 맛있다.\"","brewery/16/logo_image.png","brewery/16/brand_image.png"
17,"AKITU BREWING","아키투 브루잉","2003","부산시 기장군","부산광역시 기장군 기장읍 동서길 84-2","051-724-5049","http://www.akitubrewing.com/","아키투(AKITU)는 인류 최초 문명인 수메르(Sumer) 시대에 행해졌던 신년 축제 이름이다. 맥주는 인류 최초 문명인 수메르(Sumer) 시대부터 양조되었다. 수메르 시대에는 많은 양의 맥주가 양조되고, 축제 때면 엄청난 양의 맥주가 소비되었다. 수메르에서 가장 중요한 신년 축제인 아키투(AKITU)는 춘분(Vernal Equinox)날 시작되어 14일 동안 행해졌다. 수메르인들은 만물이 소생하는 춘분을 새로운 한 해의 시작이라 보았다. 그리고 수메르 시대에는 맥주를 만들기 위하여 품질 좋은 보리가 품종 개량되어 널리 재배되고, 봄에 보리를 수확하였다. 이처럼 수메르의 아키투(AKITU)는 만물이 소생하는 새해 첫날을 축하하는 축제이자, 그 당시 많이 양조되고 음용되었던 맥주의 원료인 보리를 수확하는 축제였다. 아키투 브루잉(AKITU Brewing Co.)은 맥주의 기원을 찾아 수메르에 이르렀고, 인류는 왜 맥주를 갈망할 수밖에 없는가의 이유를 수메르에서 찾는다.","brewery/17/logo_image.png","brewery/17/brand_image.png"
18,"OWL AND PUSSYCAT","아울 앤 푸시캣","2014.9","부산시 수영구","부산 수영구 남천바다로 38-1","070-7631-8333","http://www.owlandpussycat.kr","2014년 바틀샵으로 오픈했다가 2015년 탭룸을 오픈한다. 21가지 수제맥주를 맛볼 수 있다. 대표 자체맥주(위탁양조)는 '수리세종'이다. 맥주를 마시며 창밖으로 광안대교를 감상할 수 있어 분위기가 좋다. 주차가능하며, 평일과 주말 모두 밤11시까지 운영한다. 수제맥주 가격 6천5백원부터.","brewery/18/logo_image.png","brewery/18/brand_image.png"
19,"JNC","장앤크래프트","2011.3","전라도 순창군","전라북도 순창군 인계면 물통길 22-6","063-653-9750","http://www.guarneri.co.kr","장앤크래프트 브루어리는 장창훈 대표가 전라북도 순창에 지은 국내 최대 규모의 크래프트 맥주 공장이다. 이 공장의 연간 생산량은 5000킬로리터(㎘) 수준이다. 일반 소규모 브루어리보다 최대 50배 정도 큰 양조장인 셈이다. 장창훈 대표는 “올해 중에 장앤크래프트 브루어리 자체 레시피로 만든 맥주 20여종을 추가할 생각”이라며 “인삼처럼 재밌는 재료를 넣은 실험적인 맥주들을 기대해 달라”고 말했다.","brewery/19/logo_image.png","brewery/19/brand_image.png"
20,"PONGNDANG","퐁당","2011.12","서울시 용산구","서울시 용산구 새창로 213 -17","070-8692-3875","http://www.pongdangsplash.com/#","좋은 맥주를 찾아 여기저기 합핑(옮겨 다니며 즐기는 것)하는 맥주 마니아라면 '퐁당'은 이미 익숙할지도 모르겠다. 세계병맥주를 즐길 수 있는 맥주창고 스타일의 <비어퐁당>, 다양한 생맥주들을 즐길 수 있는 탭하우스 <퐁당 크래프트 비어 컴퍼니>, 그리고 퐁당 고유 레시피로 맥주를 위탁 생산하여 판매하는 수제 맥줏집 <메이드인퐁당>. 이 중 이태원 경리단길 상권에 위치한 <메이드인퐁당>에서는 맥주를 위탁 생산하여 퐁단만의 3가지 시리즈를 선보이며 많은 사람의 발길을 붙잡고 있다.","brewery/20/logo_image.png","brewery/20/brand_image.png"
21,"THE FOUR SEASONS","사계","2013","서울시 용산구","서울시 용산구 보광로59길 7","070-8882-8102","https://www.facebook.com/craftpub4seasons/","맥주 전문 웹사이트인 비어포럼을 꾸려가는 다섯명의 운영진이 오픈한 크래프트 비어펍이다. 계절마다 새로운 레시피로 만든 크래프트 비어를 선보이는 곳으로, 7가지 종류의 크패프트 비어와 간단한 안주를 즐길 수 있다.","brewery/21/logo_image.png","brewery/21/brand_image.png"
22,"SEPTEMBER BREWING","셉템버 브루잉","2015.7","서울시 강남구","서울시 강남구 역삼로4길 16","010-4856-3869","https://www.facebook.com/septemberbrewing/","셉템버브루잉은 짚시브루잉 컴퍼니로, 국내 및 해외 유수 양조장과 협업해 양조장의 특색과 브랜드에 맞는 독특하고 흥미로운 맥주를 만들고 있다.","brewery/22/logo_image.png","brewery/22/brand_image.png"
23,"TREVIER","트레비어","2003","경상도 울산시","경상남도 울산시 울주군 언양읍 반구대로 1305","080-225-1110","http://www.labbrewings.com","트레비어의 역사는 2003년 울산 시내에 오픈한 독일식 맥주 전문점 ‘트레비브루이하우스’에서 시작한다. 남색 청셔츠를 입은 정재환 대표는 독일에서 ‘비어가르텐’(야외에서 맥주를 마실 수 있도록 해놓은 곳)을 방문한 후, 노지에서 즐기는 맥주 한 잔의 문화를 한국에 가져오고 싶어 트레비브루이하우스를 설립했다. 2002년 소규모 맥주면허가 처음 시행될 당시, 시장에는 100여 개의 업체가 생겨났다. 그러나 현실의 벽에 부딪혀 그 수가 40개 정도로 현저히 주는 등 침체기를 겪기도 한다. 그런 와중에 2014년 주세법 시행령이 일부 개정되면서 다시 80여 개의 업체로 늘었다. 트레비브루이하우스는 이 모든 과정을 함께하며 지금까지 살아남은 업체로 입지를 굳혔다. 또한 작년에는 트레비어 양조장을 시작하며, 수제맥주 시장에 본격 뛰어들었다. 소규모 맥주의 외부 유통이 자유로워짐과 동시에 트레비브루이하우스를 벗어나 더 큰 세상으로 도약하는 것이다.","brewery/23/logo_image.png","brewery/23/brand_image.png"
24,"STEINDORF","슈타인도르프","2016.1","서울시 송파구","서울시 송파구 오금로 15길 11 ","02-422-9000","https://www.facebook.com/SteinDorfkorea","방이동 먹자골목에 오직 ‘맥주’만을 위한 공간, ‘슈타인도르프 브로이’가 문을 열었다. 인근에 자리한 호수인 석촌을 독일어로 변환, 석 Stein과 촌 Dorf에 양조장 Brau을 더해 이름을 지었다. 지하 3층과 지상 6층으로 이루어진 공간은 라운지, 가족과 연인들을 위한 아늑한 공간, 스포츠 펍 등 다양한 형태로 구성했다. 지하 1층에 자리한 대규모 양조장을 견학하는 것도 언제든 가능하다. 맥주 맛에 대한 자부심은 자체 생산한 스타우트, IPA, 헤페바이젠, 페일 에일만 판매하는 것에서 드러난다. 스타우트는 2016 대한민국 주류대상 맥주 크래프트비어 에일 스타우트·포터 부문에서 대상을 받으며 그 맛을 공식적으로 인정받았다. 부드러우면서도 쫄깃한 식감의 학센, 소시지부터 피자와 튀김류, 샐러드와 마른안주 같은 가벼운 메뉴도 마련되어 있다. 점심 한정으로 선보이는 브런치 메뉴도 잊지 말 것.","brewery/24/logo_image.png","brewery/24/brand_image.png"
25,"GORILLA BREWING","고릴라 브루잉","2016.2","부산시 수영구","부산시 수영구 광안해변로 321","051-714-6258","http://gorillabrewingcompany.com/","고릴라 브루잉은 부산에서 영국 맥주의 맛을 재현하고 있다. 런던의 유명 브루어리인 CRATE BREWERY의 헤드브루어와 협업하고 있으며, 영국 크래프트 맥주 문화를 부산에서 실현하고 있다. 고릴라브루잉 컴퍼니는 다양한 이벤트, 파티를 기획하여 함께 참여하는 문화적인 공간으로, 영국 브루어들만의 클래식한 맥주 맛과 스타일을 느낄 수 있다.","brewery/25/logo_image.png","brewery/25/brand_image.png"
26,"CASTLE PRAHA","캐슬프라하","2003","서울시 마포구","서울시 독막로7길 59","02-337-6644","www.castlepraha.co.kr","캐슬프라하는 진정한 맥주마니아들을 위한, 최고의 맥주를 만들고자하는 열정을 가지고, 장고한 역사를 가진 체코식 맥주를 생산하기로 하고 상호도 실제 프라하에 있는 프라하 성을 본떠서 캐슬프라하로 정하여, 구청사의 시계탑광장의 성을 실제로 재현하였다. 맥주 제조장비를 체코에서 수입하여 설치하였음은 물론이고, 맥주제조 원료인 맥아, 홉, 효모 일체를 체코에서 직접 들여와 사용하였고, 사업 개시일부터 약 1년 반 동안은 맥주 제조에서 가장 중요한 인력인 맥주제조 기술도 체코 현지 기술자 중 30년 이상의 실력자를 초빙하여 기술 전수를 받았으며 정기적으로 체코 현지 기술자를 초빙하여 정통기술을 전수 받았다. 이들의 메뉴와 서비스는 일반 맥주 주점과는 차원을 달리하여 Fine & Dine Restaurant에서 접할 수 있는 수준의 퀄리티를 유지한다. 캐슬프라하는 강남점에서의 경험을 살려 체코의 맥주와 음식을 전파하는 역할을 할 뿐 아니라 생생한 현지 문화를 체험할 수 있는 공간으로 구성된 홍대점을 2006년 젊음과 문화의 거리 홍대지역에 오픈하여 캐슬프라하를 매력적인 공간으로 널리 대중에게 알리고 있다.","brewery/26/logo_image.png","brewery/26/brand_image.png"
27,"GOODMAN BRERWERY","굿맨 브루어리","2016.6","경기도 구리시","경기도 구리시 동구릉로389번길","02-577-6376","http://goodmanbrewery.co.kr/","Goodman Brewery는 영국과 벨기에 스타일의 Brewing을 추구한다. 부드러운 풍미의 영국 맥주와 오랜 역사의 깊은 맛이 느껴지는 벨지안 스타일의 맥주가 가장 와닿았기 때문이다. 맥주를 만드는 것은 효모다. Goodman Brewery는 맥주 맛의 본질은 이스트에서 온다고 생각하며 이스트의 모니터링에 가장 중점을 두고있다. 수제 맥주가 대기업 맥주보다 향이 진하고 신선하다는 평을 많이 받는 이유에는 물론 재료의 풍부함도 있지만 걸러지거나 고온으로 멸균되지 않은 효모가 전달하는 향이 더해지기 때문이다. 효모가 탄산을 생성하며 일을 다시하기 때문에 풍미가 더욱 진해지며 야생효모의 경우에는 마치 와인처럼 약 2, 3년 이상 병안에서 진화해간다. Goodman Brewery는 좋은 품질을 위해 선별된 맥아를 영국과 독일에서 홉을 미국, 독일, 영국, 호주, 뉴질랜드에서 효모를 미국의 연구소에서 공급받는다. 그리고 벨기에 전통 맥주들을 위해 프랑스브루고뉴 지방의 피노누아 오크통을 들여와 숙성을 진행한다.","brewery/27/logo_image.png","brewery/27/brand_image.png"
28,"KRAEMERLEE","크래머리","2015.2","경기도 안산시","경기도 안산시 상록구 수암동 480-3","010-2496-5429","http://www.kraemerlee.com/","‘크래머리’는 독일 출신의 브루마스터 ‘크래머 Kraemer’와 두 명의 ‘이 Lee’씨 성을 가진 한국인 브루마스터가 함께 만든 크래프트 맥주 브랜드다. 경기도 안산에 자리한 양조장에서 독일의 전통적인 맥주 제조법을 바탕으로 만든 개성 있는 맥주를 선보인다. 자체 운영 중인 펍을 통해 바이젠복, 스타우트, 필스너 등을 신선한 맥주 상태로 맛볼 수 있다. 바삭한 식감의 독일식 피자인 플람쿠헨, 구운 소시지에 담백한 감자 샐러드가 함께 제공되는 메뉴가 인기다. ","brewery/28/logo_image.png","brewery/28/brand_image.png"
29,"CRAFTWORKS","크래프트 워크스","2012","서울시 용산구","서울시 용산구 녹사평대로238 명산빌딩1층","02-794-2537","http://www.craftworkstaphouse.com/","크래프트웍스 한국 수제 맥주의 영향력 있는 개척자로, 서울에 더욱 세련된 맥주 문화를 소개하기 위해 친한 친구 몇 명이 모여 만들었다. 크래프트웍스 4년 동안 9개의 시그니처 맥주를 만든 데 그치지 않고, 평범한 편의점 맥주 이상의 것을 찾는 사람들에게 다가가기 위해 계속해서 노력한다. 크래프트웍스의 맥주는 한국의 유명하고 매력적인 7개의 산악 지대에서 영감을 받았고, 높은 수질로 유명한 경기도 산악지역의 샘물을 이용하여 만든다. 전국 100곳 이상에서 크래프트웍스 맥주를 경험할 수 있을 뿐만 아니라, 4곳의 크래프트웍스 지점에서 음식의 기쁨을 찾는 사람들은 따뜻한 홈스타일 햄버거, 푸짐한 샐러드, 파스타 및 고기와 치즈 플래터까지 다양하고 색다른 기쁨을 제공하는 메뉴를 경험할 수 있다. 더할 나위 없이 여유롭고, 따뜻하며 가식 없는 분위기에서 일상생활에서의 탈출을 기대해도 좋겠다.","brewery/29/logo_image.png","brewery/29/brand_image.png"
30,"PYRUS","파이루스","2015.5","서울시 용산구","서울시 용산구 이태원동 136-1 지하1층","070-7773-6337","https://www.facebook.com/pyrustaproom/","로비본드(ROVIBOND)가 파이루스로 상호를 변경하였다. 이곳의 자체 개발 메뉴는 4가지 종류. 그중 과일의 풍미가 가득한 트로피컬 에일을 첫 잔으로 시작하는 것을 추천한다. 파피루스의 안주류도 정말 맛있는데 보기에도 치즈치즈한 꽈뜨로 포르마지 치즈 피자와 맥앤치즈는 이곳의 대표 메뉴. 오리지널 탭 이외에 게스트 탭은 매번 조금씩 바뀔 수 있으니 페이스 북을 참조하자. 이태원역보다는 녹사평역이 더 가깝다.","brewery/30/logo_image.png","brewery/30/brand_image.png"
31,"VANEHEIM BREWERY","브로이하우스 바네하임","2004. 7","서울시 노원구","서울시 노원구 공릉로 32길 54","02-948-8003","https://www.facebook.com/vaneheimbrewery","바네하임을 이끄는 김정하 대표는 국내 크래프트 맥주업계에서 가장 두각을 드러내는 여성 브루어(brewer·양조가)이다. 브루펍(brewpub·맥주를 직접 빚어 파는 펍) 대표로선 국내에서 유일한 여성이다. 그는 2004년 7월, 20대 중반의 나이로 바네하임을 세운 후 10년 넘게 경영과 양조를 맡고 있다. 바네하임의 맥주는 빼어난 균형감이 매력이다. 향이나 맛을 직접 뽐내기보다 뭉근한 매력을 덕으로 삼는다. 바네하임의 대표 맥주 '프레아(Frea) 에일'은 천도 복숭아의 상큼함과 자두의 향긋함이 돋보인다. 프레아 에일이 조금 가볍다 싶으면 씁쓸한 맛이 살짝 강조된 스타우트 계열 '노트(Nott) 에일'도 있다.","brewery/31/logo_image.png","brewery/31/brand_image.png"
32,"WEIZENHAUS","바이젠 하우스","2003.2","충청도 공주","충청남도 공주시 우성면 성곡길 125","1661-5869","http://weizenhaus.com","바이젠하우스는 2003년 부터 대전/충남 지역 최초로 수제맥주 양조를 시작하여 많은 경험과 연구개발을 통해 자체 레시피를 보유하고, 다양한 브랜드 맥주를 생산하고 있는 \"수제맥주\" 전문업체 이다.","brewery/32/logo_image.png","brewery/32/brand_image.png"
33,"FUNKYTAPHOUSE","펑키탭하우스","2015","서울시 서초구","서울시 서초구 서초2동 1327-23 2층","02-588-4156","https://www.facebook.com/funkytaphouse/","Funky Taphouse에서는 자체 레시피 맥주를 비롯하여 그 외 다양한 수입 크래프트 맥주를 맛 볼 수 있으며, 맥주 본연의 맛을 조금더 풍부하게 느낄 수 있는 20종류 이상의 다양한 식사, 안주를 선사한다.","brewery/33/logo_image.png","brewery/33/brand_image.png"
34,"DEVIL'S DOOR","데블스도어","2014.11","서울시 서초구","서울시 서초구 사평대로 205 센트럴시티 반포천 복개주차장","02-6282-4466","http://www.shinsegaefood.com/devilsdoor/index.sf","데블스도어는 매장에서 직접 만든 수제 맥주를 즐길 수 있는 펍(Pub)과 레스토랑을 접목시킨 아메리칸 스타일의 게스트로펍이다. 국내 최고의 양조 전문가(Brew Master)가 개발한 레시피를 230여년 전통의 독일 카스파리(Caspary) 양조설비로 직접 생산한다. 페일에일(Pale Ale), IPA(India Pale Ale), Stout 등 3종류의 에일맥주와 함께 국내에서 접하기 어려웠던 해외의 다양한 에일맥주 20여종을 게스트(Guest) 맥주로 함께 선보인다. 또한 데블스도어에서는 신세계푸드 R&D센터의 셰프들이 직접 개발한 맥주와 가장 잘 어울리는 Burger, Pizza, Bar snack, Entree 등 30여종의 다양한 메뉴를 수제 맥주와 함께 합리적인 가격으로 즐길 수 있다.","brewery/34/logo_image.png","brewery/34/brand_image.png"
35,"HYOJA BEER","효자맥주","2015","서울시 용산구","서울특별시 용산구 이태원1동 우사단로 31-1 1층","","https://www.facebook.com/pg/hyojabeer/","이우재와 이규찬은 맥주를 만든다. 맥주는 우리에게 놀이의 수단이다. 작업과 노는 것을 분리하지 않으며 맥주를 소재로 다양한 아웃풋을 만들어 사람들과 소통한다. 우리는 맛있다.' 
이태원에 위치한 효자맥주 공간은 ‘MOSC’라는 게스트하우스 건물 1층의 7평 남짓한 작은 공간을 사용한다. 이곳은 효자맥주의 홈브루잉 작업 공간이며 맥주를 만드는 워크숍을 정기적으로 열 예정이다. 또한 이우재와 이규찬의 작업물과 효자맥주와 관계 맺고 있는 동료 작업자, 뮤지션들의 작업물 등을 소개하는 쇼룸으로 이용될 예정이다.

","brewery/35/logo_image.png","brewery/35/brand_image.png"
36,"MALONEY'S BREWING COMPANY","멀로니스 브루잉 컴퍼니","2009","서울시 용산구","서울시 용산구 이태원동 2동 225-67","02-3785-1675","https://www.facebook.com/MaloneysBrewingCompany/","말로니스 펍 & 그릴은 경리단에서 몇 년 동안 자리를 지켜온 로컬 펍이다. 2009년부터 홈메이드 수제버거와 다양한 수입맥주 그리고 말로니스의 이름을 걸고 출시한 크래프트 비어로 지역주민들의 사랑을 받고 있다. 말로니스의 모토는 \"맥주와 함께 누구나 어울릴 수 있는 공간\"이며 자유롭고 편안한 분위기를 즐길 수 있다. ","brewery/36/logo_image.png","brewery/36/brand_image.png"
37,"HOPMORI BREWING COMPANY","홉머리 브루잉 컴퍼니","2016.1","서울시 강남구","서울시 강남구 도산대로 11길 15","02-544-7720","https://www.facebook.com/hopmori/","홉머리 브루잉 컴퍼니(Hop Mori Brewing Company)는 브루마스터 트로이 지첼스버거가 내놓는 참신하고 질 높은 수제맥주로 유명한 곳이다. 'Drink Local'이라는 캐치프레이즈를 내걸고 자신들만의 독특한 수제맥주를 만들어 공급하고 있다.","brewery/37/logo_image.png","brewery/37/brand_image.png"
38,"HIDDENTRACK","히든트랙","2014.4","서울시 동대문구","서울시 동대문구 제기동 148-20 B1","010-9737-9744","http://thehiddentrack.modoo.at","히든트랙은 서울 동대문구에서 유일한 자가양조 크래프트 비어펍이다. 매장 안에 직접 양조시설을 갖춰두고 한 달에 2~4번씩 맥주를 담근다. 크래프트 비어펍 가운데 드물게 직접 만든 맥주만을 취급한다. 이들은 위탁 양조 과정에서 발생하는 미묘한 차이도 용납하지 않는다. 레시피는 모두 독자 개발한다.","brewery/38/logo_image.png","brewery/38/brand_image.png"
39,"JEJUSIEN","제주지앵","2015","제주도","제주도 제주시 청귤로3길 42-7","064-724-3650","https://www.instagram.com/jejusien_official/","강규언 대표는 오래 전부터 맥주제조에 대한 꿈을 품고 맥주를 만들어 왔다. 그러던 중에 우연히 삿포로 맥주에 관한 다큐멘터리를 보았다. 삿포로 맥주가 삿포로를 대표하는 상품이라는 대목이 눈길을 끌었다. 제주를 대표하는 맥주를 만들면 어떨까? 그 물음표 끝에 감귤맥주에 대한 아이디어가 떠올랐고, 창업 공모전에 지원하여 제주 도지사상과 제주 개발공사 사장상을 받았다. 그것이 제주지앵의 시작이었다. 제주도 공장이 완공되면 생산지가 제주도와 비제주권으로 나뉘는데, 수도권과 제주도 두 군데에서 생산 및 판매를 할 계획이다. 슬로건은 ‘제주도에 오면 꼭 마셔야 하는 맥주’, ‘제주도가 아니어도 마실 수 있는 맥주’.","brewery/39/logo_image.png","brewery/39/brand_image.png"
40,"BARBAROSA","바바로사","2002","경기도 성남시","경기도 성남시 분당구 분당로53번길 15 산호트윈스","031-707-7982","","바바로사브로이는 국내하우스맥주의 원년업체로 2002년 창업이후 분당 서현에 제1브로이를 필두로 분점인 수내점과 함께 분당 지역맥주로 14년간 수제맥주발전에 일익해 왔다. 2015년 새롭게 의왕시 IT밸리에 준공한 바바로사제2브로이에서는 14년에 기술력을 바탕으로 (필스너, 바이젠, 둥클레스, 페일에일, 벨지언윗비어, 임페리얼스타우트) 등을 생산 공급하고 있다. 또한 현재 이태원 두 매장에 위탁 생산맥주를 2014년부터 생산 공급하고 있으며 그 외 매장들에 바바로사브로이 맥주가 공급되고 있다.","brewery/40/logo_image.png","brewery/40/brand_image.png"
41,"GERMANHAUS","저멘하스","2013.12","경기도 의정부시","경기도 의정부시 신흥로 224","031-855-1000","http://germanhaus.compy.kr","브루이마스터 출신이 직접 만든 정통 하우스 맥주를 맛볼 수 있는 GERMAN HAUS(저멘하스)는 의정부시 신흥로 224(의정부동)에 위치하고 있다. GERMAN HAUS(대표 정병석)는 100%독일산 맥주 제조장비(KASPARSCHUZ), 테마형 인테리어 공간, 80평 규모의 어린이 놀이방, 환상적인 조명시설의 공연무대 등 최고의 시설과 분위기를 자랑하는 엔터테인먼트형 패밀리 레스토랑으로 알려져 있다.","brewery/41/logo_image.png","brewery/41/brand_image.png"
42,"JESPI","제스피","2013.7","제주도","제주시 연동 신대로 16길, 44","064-713-7744","https://www.facebook.com/jejujespi","제주(jeju) + 스피릿(spirit) = ‘제스피 맥주’ 제주산 발아로 직접 만든 수제 맥주 전문점으로 오직 제주도에서만 맛볼 수 있는 맥주. 넓은 홀과 고급스러운 인테리어가 먼저 눈에 띈다. 지속적인 연구 끝에 탄생한 제스피 맥주는 제주도 관광객의 시선을 끄는 명물로 자리잡고 있다. ","brewery/42/logo_image.png","brewery/42/brand_image.png"
43,"CROWSBREWING","까마귀 브루잉","2016","경기도 오산시","경기도 오산시 오산로 290번길 4","","https://www.facebook.com/crowsbrewing/","까마귀 브루잉은 함께 즐기는 맛있는 맥주를 만든다. “이걸 모르고 맥주 맛을 안다고 할 수 있어?” 맥부심을 부리는 친구들로부터 맥스플레인을 당해온 초심자라면, 까마귀 브루잉의 ‘오로라 페일에일’로 시작해도 좋다. 씁쓸한 맛보다는 가볍고 순한맛을 더 선호해 온 입문자에게 딱이다. 홉의 캐릭터를 강조해, 씁쓸하지 않으면서도 꽃과 시트러스, 과일 향을 부각했다. 매장은 오산 오색시장에 있다.","brewery/43/logo_image.png","brewery/43/brand_image.png"
44,"BREWERY304","브루어리 304","2016","충청도 아산","충청남도 아산시 음봉면 동암리 304-8","010-2288-1331","https://brewery304.com","브루어리304에서는 어떻게 하면 최고의 크래프트 맥주를 더 많은 사람들에게 제공할지 고민한다. 화사한 열대과일 맛의 IPA, 초콜릿같은 달콤함을 가진 Porter, 은은한 솜사탕 맛의 Belgian Ale,
부드러운 캐러멜 풍미의 Amber Ale 등, 모두가 느낄 수 있는 한 잔의 짜릿함을 양조한다.","brewery/44/logo_image.png","brewery/44/brand_image.png"
45,"DAMJU BREWERY","담주브로이","2013.5","전라도 담양","전라남도 담양군 담양읍 삼다리 23-1","061-381-6788","https://www.facebook.com/damju6788/","어디에서도 맛볼 수 없는 대나무맥주와 죽순소시지, 죽순떡갈비를 직접 맛보고 즐길 수 있는 공간이다. 맛있고 정성 가득하게, 타음식점들과는 차별화 된 맛을 선사한다. 1층에는 대나무맥주 양조장과 소시지 및 떡갈비 제조공장이 있고, 2층에서는 음식들을 직접 조리하여 판매하고 있다.","brewery/45/logo_image.png","brewery/45/brand_image.png"
46,"GDC BREWERY","GDC 브루어리","2013.5","전라도 고창","전라북도 고창군 부안면 복분자로 434-129 ","063-561-4225","http://www.gdcbeer.co.kr/index.php","Gochang Dream Craft는 2013년 설립된 프리미엄 수제맥주 제조 전문회사로서 20년 대기업 경력의 양조 기술력을 바탕으로 세계 수준의 전통 독일식 수제맥주 제조와 더불어 전북지역에서 생산된 고품질의 국산 보리를 이용하여 자체 생산한 맥아를 원료로 하는 순수 국산 수제맥주도 함께 만들어 가는 회사이다. 단조로운 기존의 맥주시장과 우후죽순 생겨나는 수제맥주들 속에서 맥주 본연의 맛을 잃지 않으면서도 GDC만의 특색을 입힌 맥주를 만들고자 함이 GDC가 가진 맥주에 대한 지향점이며 소명 의식이다. 더불어 맥주 보리 가공 사업을 통한 관내 생산 농가의 소득 향상 및 지역 고용인력 창출을 통한 지역 경제 발전에 보탬이 되는 큰 주춧돌 역할을 담당할 수 있도록 노력하고 있으며 '우리만의 맛 우리만의 한국 맥주'를 만들려 한다.","brewery/46/logo_image.png","brewery/46/brand_image.png"
47,"FINGERCRAFT","핑거크래프트","2002","부산시 동래구","부산광역시 동래구 온천천로 54","010-2773-7195","https://www.instagram.com/fingercraft/","자체 개발 레시피로 카브루, 버드나무 등 양조장을 가진 유명 브루어리와 OEM 방식 또는 협업을 통해 맥주를 생산하고 있다. 특히 맥주를 양조하는 김성호 과장은 카브루에서 양조 경험을 쌓고 부산으로 내려와 브루어리를 열었다. 탭 리스트는 고정돼 있지 않고 분기별로 업데이트 돼 보다 다양한 에일 맥주를 선보이
고 있다. 열대 과일향과 감귤향이 특징인 모자익 핑거는 핑거 크래프트 비어의 인기 메뉴다. 미국에서 유행하는 모자이크 홉 맥주. 그러나 눈여겨 볼 핑거 크래프트 비어의 또 다른 맥주는 바로 소라치 핑거! 국내 최초 소라치에이스 홉을 사용한 이 맥주는 알코올 도수를 낮추면서 레몬 크림 향을 느낄 수 있는 IPA. 이외에 국화 핑거, 블랙 스타우트 핑거 등을 생산하고 있다.","brewery/47/logo_image.png","brewery/47/brand_image.png"
48,"BRAU HOUSE","브로이 하우스","2004","강원도 원주시","강원도 원주시 남원로 642","033-764-2589","","원주 브로이 하우스는 원주 유일의 하우스 맥주 전문점이다. 강원도 원주에 처음으로 개업한 맥주를 직접 제조하는 호프집이다. 독일 전통 생맥주는 독일에서 온 브로우 마스터가 직접 맥주를 제조한다. 브로이하우스의 모든 맥주는 대량생산 맥주와달리 제조시 자연숙성 후 자연 여과시켜 맥주 고유의 효모/비타민/미네랄 성분이 그대로 살아있다. 바이젠은 술집에서 마시는 생맥주보다 탄산이 덜 하기 때문에 목넘김이 부드러우며 끝맛이 쌉싸름하다. 스타우트는 바이젠보다 쌉싸름한 맛이 좀 더 강하다. 안주로는 100% 수제 소시지를 즐기기 좋다. 비교적 넓은 홀에서 직접 맥주 제조기를 볼 수 있으며 다양한 모임을 위한 룸 또한 준비되어 있다.","brewery/48/logo_image.png","brewery/48/brand_image.png"
49,"VINCENT VAN GOLO","빈센트 반골로","2015.9","서울시 강남구","서웉특별시 강남구 신사동 510-9","070-4212-9010","http://golobrewery.com","열정으로 빚어낸 최상의 맥주를 꿈꾸는 Vincent van Golo Brewery는 2015년 9월 신사동 막다른 골목에 꿈을 만들어갈 공간을 찾는다. 도심 한복판에서 맥주를 제조의 과정과 장비를 곁에서 지켜보며 즐길 수 있는 Vincent van Golo Brewery는 가정집을 개조하여 1층은 제조설비가 위치하여 있으며, 2층 공간은 20인 이상의 단체모임이 가능한 독립공간과 15종류의 다양한 생맥주를 신선하게 제공할 수 있는 TAP이 갖추어진 Mini Bar로 등으로 구성되어 있다.","brewery/49/logo_image.png","brewery/49/brand_image.png"
50,"RICH BRAU","리치 브로이","2004","부산시 동래구","부산 동래구 사직로 48 호영빌딩","051-507-5090","https://www.facebook.com/beer0929/","항상 1도에 맞추어 있는 맥조 제조기를 구비하여 바이젠 (Weissbier), 둔켈 (Dunkel)을 마실 수 있다. 넓은 실내 공간에, 매주 2~3회 라이브 공연도 실시하고 있다. 좌석은 200석 이상 보유하고 있어서 대규모 모임을 가질 수 있다.","brewery/50/logo_image.png","brewery/50/brand_image.png"
51,"OKTOBERFEST","옥토버페스트","2002.7","서울시 서초구","서울시 서초구 서초동 1317-31","02-3481-8881","http://www.oktoberfest.co.kr","2002년 7월 우리나라에서 처음 문을 연 가스트하우스 브라우어라이 (Gast hausbrauerei = House Brewery) 이다. 오픈 초기부터 공중파 방송의 뉴스와 각종 프로그램에서 새로운 맥주문화의 명소로 소개했으며, 신문과 잡지 등에도 100회 이상 소개되었다. 한국인으로는 처음으로 독일 뮌헨공대에서 맥주양조공학 석사 학위를 받은 브라우마이스터 방호권의 책임 아래 양조되는 맥주는 독일산 맥아와 홉으로 만들고 있다. 독일 남부 전통 맥주의 맛과 향을 고스란히 보유하고 있으며, 몸에 좋은 효모가 살아 있다. 독일의 각 지방에서 유래한 독특하고 다양한 소시지와 함께 독일 남부 전통 돼지 족발 요리인 슈바이네학센은 옥토버훼스트를 찾은 독일인들로부터 “독일 현지에서 만든 것보다 더 바삭바삭하고 맛있다”는 평가를 받고 있다.","brewery/51/logo_image.png","brewery/51/brand_image.png"
52,"QUEEN'S HEAD","퀸스헤드","2003","경기도 수원시","경기도 수원시 영통구 영통동 1011-3","031-203-2669","","많은 사람들이 국산 맥주는 싱겁고 수입맥주는 비싸다라고 말한다. 퀸스헤드는 독일 유학때 마셨던 맥주 맛이 그리웠던 한 남자가 문을 연 맥주가게로, 홉 등을 수입해 수원 공장에서 자체 생산한 하우스 맥주만 판매한다. 독일에서 하우스 맥주 기술자를 초빙해 1년동안 배워 완벽하게 현지 맛을 재현해 낼수있었다고 한다. 술은 필스너, 바이젠, 둥클레스 세종류로 상태에 따라 맛이 다른 하우스 맥주의 특성 때문에 샘플을 맛보고 고를 수도 있다. 개조한 가정집과 가로등과 맥주통, 그리고 잔잔한 보사노바나 정겨운 1980년대 팝 음악은 독일 가정집에 초대받은 듯한 느낌을 준다.","brewery/52/logo_image.png","brewery/52/brand_image.png"
53,"BAND OF BREWERS","밴드 오브 브루어스","2014","서울시 강남구","위탁 양조(화수 브루어리)","02-568-6825","https://www.facebook.com/pubbob/","밴드오브 브루어스(비오비)는 다음 카페 '맥주 만들기 동호회'의 주력 멤버들이 오픈한 매장이다. 5종류 정도를 자체 레시피로 위탁생산하고, 수입 맥주 몇가지를 취급한다. 회사들이 몰려있는 선릉역에 위치하여 직장인들이 자주 찾는 곳이다.","brewery/53/logo_image.png","brewery/53/brand_image.png"
54,"BREITBACH BRAU","브라이트 바흐","2016","강원도 홍천군","강원도 홍천군 남면 난터길 44-17","033-432-8850","https://www.instagram.com/breitbach_brau/","물 맑고 공기 좋은 강원도 홍천에 Breitbach Brau가 설립되었습니다. Breit는 독일어로 넓은, Bach는 개울이라하여 홍천을 독일어로 직역한 것입니다. 생수공장을 리모델링하여 맑고 깨끗한 지하암반수와 세계적으로 인정받은 원료로 최고의 수제맥주를 생산합니다.","brewery/54/logo_image.png","brewery/54/brand_image.png"
